id,name,model_id:id,group_id:id,perm_read,perm_write,perm_create,perm_unlink
access_l10n_ar_ai_scan_log_user,l10n_ar.ai.scan.log user,model_l10n_ar_ai_scan_log,account.group_account_user,1,0,0,0
access_l10n_ar_ai_scan_log_manager,l10n_ar.ai.scan.log manager,model_l10n_ar_ai_scan_log,account.group_account_manager,1,1,1,1
access_l10n_ar_ai_scan_log_system,l10n_ar.ai.scan.log system,model_l10n_ar_ai_scan_log,base.group_system,1,1,1,1
access_l10n_ar_ai_scan_wizard_user,l10n_ar.ai.scan.wizard user,model_l10n_ar_ai_scan_wizard,account.group_account_user,1,1,1,1
access_l10n_ar_ai_scan_wizard_manager,l10n_ar.ai.scan.wizard manager,model_l10n_ar_ai_scan_wizard,account.group_account_manager,1,1,1,1
access_l10n_ar_ai_bulk_scan_wizard_user,l10n_ar.ai.bulk.scan.wizard user,model_l10n_ar_ai_bulk_scan_wizard,account.group_account_user,1,1,1,1
access_l10n_ar_ai_bulk_scan_wizard_manager,l10n_ar.ai.bulk.scan.wizard manager,model_l10n_ar_ai_bulk_scan_wizard,account.group_account_manager,1,1,1,1
access_l10n_ar_ai_scanner_cm_jurisdiction_user,l10n_ar.ai.scanner.cm.jurisdiction user,model_l10n_ar_ai_scanner_cm_jurisdiction,account.group_account_user,1,0,0,0
access_l10n_ar_ai_scanner_cm_jurisdiction_manager,l10n_ar.ai.scanner.cm.jurisdiction manager,model_l10n_ar_ai_scanner_cm_jurisdiction,account.group_account_manager,1,1,1,1
